ts,fuid,uid,id.orig_h,id.orig_p,id.resp_h,id.resp_p,source,depth,analyzers,duration,local_orig,is_orig,seen_bytes,missing_bytes,overflow_bytes,timedout,total_bytes,mime_type,filename,podejrzany_typ
1428883209.573831,Fu5jRv37yOeFekKCfd,CLkUvQ114gi1QRGhik,192.168.0.54,52358,198.199.14.10,80,HTTP,0,[],0.19704389572143502,False,False,27150,0,0,False,,,,Nie
1428883442.588073,FOFu3O29OojeCcWq41,CHhdoeE1rAU4YjHqe,192.168.0.54,52361,198.199.14.134,80,HTTP,0,[],0.0,False,False,93,0,0,False,93.0,,,Nie
1428884808.485307,FJjEgy2hxXt70U28Zd,CUDSys2K9zahMjB375,192.168.0.51,47725,173.194.40.242,80,HTTP,0,[],0.0,False,False,341,0,0,False,,text/plain,,Nie
1428884808.54811,F0epFc3nkwOwQZg659,CUDSys2K9zahMjB375,192.168.0.51,47725,173.194.40.242,80,HTTP,0,[],2.5033950805000002e-05,False,False,1484,0,0,False,1484.0,image/jpeg,,Nie
1428885436.652765,Fdjb2b2TRXDmV9mwld,CE5x6v4gick0FFVp9e,192.168.0.54,52398,137.116.224.167,443,SSL,0,['OCSP_REPLY'],0.0,False,False,1757,0,0,False,,application/ocsp-response,,Nie
1428885558.884998,FVGfZi3qbPzjIC9wS7,CPTgKP315Lsv4jN239,61.240.144.64,60000,192.168.0.2,80,HTTP,0,[],24.000707864761353,True,False,926,0,0,False,1041.0,text/html,,Nie
1428886221.127393,F8KN1d4ai3aqKKSJ5,CSpZBi4tJ48IwrpVbj,192.168.0.54,52420,157.56.114.104,80,HTTP,0,[],0.0,False,False,9,0,0,False,9.0,,,Nie
1428886502.982802,FmG1Ft2RbsWL19qcXf,CSryUA8XsG16Nh99l,192.168.0.54,52426,198.199.14.134,80,HTTP,0,[],0.0,False,False,93,0,0,False,93.0,,,Nie
1428886548.96393,F76r8g1zDbUo2V1rE4,CsuaVl1wotolIJSkne,192.168.0.51,47731,173.194.40.242,80,HTTP,0,[],0.0,False,False,341,0,0,False,,text/plain,,Nie
1428886549.481253,FJfjGgQ1svmEhXr2f,CsuaVl1wotolIJSkne,192.168.0.51,47731,173.194.40.242,80,HTTP,0,[],0.0,False,False,1602,0,0,False,1602.0,image/jpeg,,Nie
1428886990.438755,FfrEKR1f5r4ykLYo3g,C3xRYw4ZSfJJnGzPDg,192.168.0.54,52435,198.199.14.10,80,HTTP,0,[],0.207037925720214,False,False,27150,0,0,False,,,,Nie
1428887386.140642,FPQL8NTs6o9lgdXtk,CNWFcXq7yFUAGEawc,192.168.0.54,52448,198.199.14.134,80,HTTP,0,[],0.006024122238159,False,False,14114,0,0,False,,,,Nie
1428888289.762788,FKgzKO1ye36LrXAfDd,CZe6Q83LnSvdmlKFIe,192.168.0.51,33186,74.125.232.115,80,HTTP,0,[],0.0,False,False,341,0,0,False,,text/plain,,Nie
1428888289.815734,Fnh63e4ihyRKyPjcvf,CZe6Q83LnSvdmlKFIe,192.168.0.51,33186,74.125.232.115,80,HTTP,0,[],0.00023913383483800002,False,False,3850,0,0,False,3850.0,image/jpeg,,Nie
1428889037.463032,F8w2uA741IpPC2dc2,CAqpdG17WCuVJLfsXi,192.168.0.54,52478,137.116.224.167,443,SSL,0,['OCSP_REPLY'],0.0,False,False,1757,0,0,False,,application/ocsp-response,,Nie
1428890030.081258,FlBP1KRyEOSKUS3W,CaxLHq1si0OOwFCz54,192.168.0.51,33192,74.125.232.115,80,HTTP,0,[],0.0,False,False,341,0,0,False,,text/plain,,Nie
1428890771.05936,FkZqyE2LoguijQitzf,CxabZq1Lhw97ptjyAl,192.168.0.54,52516,198.199.14.10,80,HTTP,0,[],0.22555398941040003,False,False,27150,0,0,False,,,,Nie
1428891003.292554,FnwQNH3KL8XyJhenAi,CBylZXIz7gxzTaIx1,192.168.0.54,52524,198.199.14.134,80,HTTP,0,[],0.0,False,False,93,0,0,False,93.0,,,Nie
1428891770.640188,FjuBXM1L9pCGjb7bKc,CNNdAz3J7mYm4Zzjei,192.168.0.51,33198,74.125.232.115,80,HTTP,0,[],0.0,False,False,341,0,0,False,,text/plain,,Nie
1428892006.596631,Fj944Z1PnvO62lN5ab,CnkDFXAApJOEBLCAf,192.168.0.54,52541,198.199.14.134,80,HTTP,0,[],0.0037310123443600003,False,False,14114,0,0,False,,,,Nie
1428892639.128555,FzVSbV2uSVeKCDYwWe,CFhkso2HpVhQRg2rhc,192.168.0.54,52555,137.116.224.167,443,SSL,0,['OCSP_REPLY'],0.0,False,False,1757,0,0,False,,application/ocsp-response,,Nie
1428893168.478518,FkkYFJ2X3YROzrODTb,C4anKu2KUi9SlumCze,192.168.0.53,3284,180.215.159.146,80,HTTP,0,[],0.0,False,False,156,0,0,False,,text/html,,Nie
1428893253.083077,FZ0b2DzPhpvS0OiG7,C54xsh4P4AzlqBOLxa,31.186.68.90,51051,192.168.0.2,80,HTTP,0,[],0.0,True,False,226,0,0,False,226.0,text/html,,Nie
1428893407.149732,FC81c5904FPW8Aoxh,CyVREN26qePcmTXEVl,192.168.0.54,52573,80.239.217.179,80,HTTP,0,['OCSP_REPLY'],0.0,False,False,1770,0,0,False,1770.0,application/ocsp-response,,Nie
1428893511.760973,Fjcnym194GPtWsf38d,Cv6k390QRII6ogSEg,192.168.0.51,33204,74.125.232.115,80,HTTP,0,[],0.0,False,False,341,0,0,False,,text/plain,,Nie
1428893511.913105,Fk1UzT1lEE7XlGoD7h,Cv6k390QRII6ogSEg,192.168.0.51,33204,74.125.232.115,80,HTTP,0,[],2.1934509277e-05,False,False,2005,0,0,False,2005.0,image/jpeg,,Nie
1428894551.838406,F2tEQB3hNEIBJQrB2d,CcVtcheS3FFN18YRb,192.168.0.54,52601,198.199.14.10,80,HTTP,0,[],0.16346788406372,False,False,25750,1400,0,False,,,,Nie
1428894603.858559,Flscwf3IB47qUXc4xa,CJatpXHbRgaYhvmI1,192.168.0.54,52602,198.199.14.134,80,HTTP,0,[],0.0,False,False,93,0,0,False,93.0,,,Nie
1428895007.087931,FujCTD4aEfIhoDUdDe,CxY9Ke2eFtJ4RNOGne,192.168.0.54,52606,198.199.14.134,80,HTTP,0,[],0.005625009536743,False,False,14114,0,0,False,,,,Nie
1428895252.323805,FWTt334Jc39FX36Dk8,CXkNpYvquxjgcTo57,192.168.0.51,33210,74.125.232.115,80,HTTP,0,[],0.0,False,False,341,0,0,False,,text/plain,,Nie
1428895252.663762,FNIV7a4TOssjOVFYZ1,CXkNpYvquxjgcTo57,192.168.0.51,33210,74.125.232.115,80,HTTP,0,[],1.5974044799000003e-05,False,False,1771,0,0,False,1771.0,image/jpeg,,Nie
1428895689.437179,FIoozD1feHw24x7DC8,CHTgMP1JKqIBvrjkk7,192.168.0.2,36033,108.61.16.227,80,HTTP,0,[],0.0,False,False,537,0,0,False,,text/plain,,Nie
1428895689.740356,FiMuEl3xQrG3yBpC83,CmEtje2dOF9QMFZSZd,192.168.0.2,36034,108.61.16.227,80,HTTP,0,[],0.0,False,False,577,0,0,False,,text/plain,,Nie
1428895690.077165,FlyAbV2tZ64aeoDHef,CCskEb1RxIlTrNCmIk,192.168.0.2,36035,108.61.16.227,80,HTTP,0,[],0.0,False,False,587,0,0,False,,text/plain,,Nie
1428896240.684953,FKMmleMQmXUTNPa59,Ccskgy1XVIc1GFf0T9,192.168.0.54,52638,137.116.224.167,443,SSL,0,['OCSP_REPLY'],0.0,False,False,1757,0,0,False,,application/ocsp-response,,Nie
1428896993.038105,FunbEb1BF4Q1Gbirlj,CsRHPYIzmAlTF9h8,192.168.0.51,33215,74.125.232.115,80,HTTP,0,[],0.0,False,False,341,0,0,False,,text/plain,,Nie
1428896993.228766,Fvadiv4patXJgYUJfb,CsRHPYIzmAlTF9h8,192.168.0.51,33215,74.125.232.115,80,HTTP,0,[],1.8119812011000002e-05,False,False,2654,0,0,False,2654.0,image/jpeg,,Nie
1428898204.235179,Fv1UtT1WjxxH5Ea0ja,CX7iYw4jKkeboJJNxi,192.168.0.54,52679,198.199.14.134,80,HTTP,0,[],0.0,False,False,93,0,0,False,93.0,,,Nie
1428898332.515782,FzZmVC2EPQCtXczePf,CNKUGl2U77wsLsEN,192.168.0.54,52682,198.199.14.15,80,HTTP,0,[],0.201673984527587,False,False,25750,1400,0,False,,,,Nie
1428898733.562731,FSGonUVZHRuW68F5h,Cf1IGV2PxYuslABnFg,192.168.0.51,33221,74.125.232.115,80,HTTP,0,[],0.0,False,False,341,0,0,False,,text/plain,,Nie
1428899507.567088,FmxKfP3uJWz93q5alc,CuIoli2UBWgNsuXCni,192.168.0.54,52700,198.199.14.134,80,HTTP,0,[],0.005839109420776,False,False,14114,0,0,False,,,,Nie
1428899842.381358,FSOIyT1VRb4yUTaW4g,CBmZd12YcBcfNGr25e,192.168.0.54,52713,137.116.224.167,443,SSL,0,['OCSP_REPLY'],0.0,False,False,1757,0,0,False,,application/ocsp-response,,Nie
1428899933.597558,FdK1ub4elN7MkvWavc,CmFlKd1pr4t83T8KR4,192.168.0.53,3359,212.227.17.187,110,POP3,0,[],2.8610229490000004e-06,False,False,1011,0,0,False,,text/plain,,Nie
1428899933.597561,FRiy5r1c2hCHQXx47h,CmFlKd1pr4t83T8KR4,192.168.0.53,3359,212.227.17.187,110,POP3,0,[],0.05518913269042901,False,False,9571,0,0,False,,text/html,,Nie
1428900474.552831,Fmr5nl2bjiBV02RND7,CIKStB3R9gfUtPhalc,192.168.0.51,33227,74.125.232.115,80,HTTP,0,[],0.0,False,False,341,0,0,False,,text/plain,,Nie
1428900474.615742,FVUtqu3GQZmtypaN32,CIKStB3R9gfUtPhalc,192.168.0.51,33227,74.125.232.115,80,HTTP,0,[],9.059906005e-06,False,False,2325,0,0,False,2325.0,image/jpeg,,Nie
1428900621.344496,FC0ou21xqQTxW0DuY8,Cjq5JmFG5xX2X2EMb,192.168.0.54,52727,157.56.114.104,80,HTTP,0,[],0.0,False,False,9,0,0,False,9.0,,,Nie
1428901264.650407,FcrQHi3Wyayf6gbCzh,CThYZU3Jve4jVKIFxa,192.168.0.54,52740,198.199.14.136,80,HTTP,0,[],0.0,False,False,93,0,0,False,93.0,,,Nie
1428902113.222807,FLvodc3lpLWvRO65Xk,Cij0am1gIBgn6NShp1,192.168.0.54,52762,198.199.14.15,80,HTTP,0,[],0.21273398399353002,False,False,25750,1400,0,False,,,,Nie
1428902215.430905,F0ZVfW3uoBcYqmrCod,CMibZb1eD9Gy9w1FS4,192.168.0.51,33233,74.125.232.115,80,HTTP,0,[],0.0,False,False,341,0,0,False,,text/plain,,Nie
1428903468.194933,FZkERCG6zVI6Lafs4,C3YKFt3qM3BXrzo9nb,192.168.0.54,52792,198.199.14.136,80,HTTP,0,[],0.005850076675415,False,False,14114,0,0,False,,,,Nie
1428903955.990004,Fyicr14SS2Gp0TbXOh,CypYh3CuRnEyNd323,192.168.0.51,33240,74.125.232.115,80,HTTP,0,[],0.0,False,False,341,0,0,False,,text/plain,,Nie
1428903956.046091,Frzpa233R20R6AlLLl,CypYh3CuRnEyNd323,192.168.0.51,33240,74.125.232.115,80,HTTP,0,[],8.821487426000001e-06,False,False,1917,0,0,False,1917.0,image/jpeg,,Nie
1428904224.882957,Fy2LZBPWKLoK0G201,Ca59xG2xPoebIX4Zbk,128.61.240.66,60000,192.168.0.2,80,HTTP,0,[],0.48844099044799805,True,False,1041,0,0,False,1041.0,text/html,,Nie
1428904790.167199,FUJEPBLGCbLX2uT4j,C8S63E2Zhn14fWe8D3,141.212.122.66,38045,192.168.0.2,80,HTTP,0,[],0.0,True,False,1041,0,0,False,1041.0,text/html,,Nie
1428905045.064111,FibI7T6BCOeZTl9Z4,CHuGoj4svGTPbkX9i5,192.168.0.54,52826,198.199.14.136,80,HTTP,0,[],0.0,False,False,93,0,0,False,93.0,,,Nie
1428905696.56181,FyRVzS1dXI6IEKXL23,CyWuLe9q9p60Azqwl,192.168.0.51,33246,74.125.232.115,80,HTTP,0,[],0.0,False,False,341,0,0,False,,text/plain,,Nie
1428905893.922158,FZCQmM1gPFCTzLU1m8,C2G9oN2aExRx5UR3Ik,192.168.0.54,52842,198.199.14.15,80,HTTP,0,[],0.163311958312988,False,False,25750,1400,0,False,,,,Nie
1428907043.94252,Filwgr4NJ9oB5k6rrh,CRO3Iu2HdidivDkaU1,192.168.0.54,52865,137.116.224.167,443,SSL,0,['OCSP_REPLY'],0.0,False,False,1757,0,0,False,,application/ocsp-response,,Nie
1428907437.285883,F8ZECW3Lw8AqgzzgL8,CJ8Xek2SJ3p1OHJtAk,192.168.0.51,33253,74.125.232.115,80,HTTP,0,[],0.0,False,False,341,0,0,False,,text/plain,,Nie
1428907548.93047,FH6ZVq2GfIQBasTWw7,C9SPYh4cNUSJ2y4EEi,192.168.0.54,52873,198.199.14.136,80,HTTP,0,[],0.0033159255981440004,False,False,14114,0,0,False,,,,Nie
1428909177.678176,F1SvTB1x9DhwonqFS9,C6abht16dmhR247gZ8,192.168.0.51,45438,216.58.209.132,80,HTTP,0,[],0.0,False,False,341,0,0,False,,text/plain,,Nie
1428909178.232749,FxjkDl7DVKs2gp843,C6abht16dmhR247gZ8,192.168.0.51,45438,216.58.209.132,80,HTTP,0,[],9.059906005e-06,False,False,1860,0,0,False,1860.0,image/jpeg,,Nie
1428909674.535766,FnJQEv2pJ8ES4jFn5l,CigJ0dbCF5FuZvKac,192.168.0.54,52923,198.199.14.15,80,HTTP,0,[],0.16500115394592202,False,False,27150,0,0,False,,,,Nie
1428909845.37065,FIfqhg0jyBU4BcDW,CNru9t46kYWnSWKnLh,192.168.0.54,52927,198.199.14.136,80,HTTP,0,[],0.0,False,False,93,0,0,False,93.0,,,Nie
1428910918.636915,F4rzDr46hOPJnv8Ini,CiUmun1cLCKSoBtT5i,192.168.0.51,45445,216.58.209.132,80,HTTP,0,[],0.0,False,False,341,0,0,False,,text/plain,,Nie
1428910930.477516,FF2Jxo52hHkfnC6Ga,CVVjQT1sQHMqcAFTGa,61.160.195.10,1285,192.168.0.2,80,HTTP,0,[],0.0,True,False,212,0,0,False,212.0,text/html,,Nie
1428910931.117889,Fmsgvp47PnKLgsysma,CVVjQT1sQHMqcAFTGa,61.160.195.10,1285,192.168.0.2,80,HTTP,0,[],0.0,True,False,205,0,0,False,205.0,text/html,,Nie
1428910931.758601,F3utT1Nej71cHoza,CVVjQT1sQHMqcAFTGa,61.160.195.10,1285,192.168.0.2,80,HTTP,0,[],0.0,True,False,207,0,0,False,207.0,text/html,,Nie
1428910962.477906,FpzEu24aq8VVtB3nId,Co9Oyp3Nksm8aAi2ed,61.160.195.10,4559,192.168.0.2,80,HTTP,0,[],0.0,True,False,207,0,0,False,207.0,text/html,,Nie
1428910967.086637,F61aZb1ZhnJZkWZcJ6,Co9Oyp3Nksm8aAi2ed,61.160.195.10,4559,192.168.0.2,80,HTTP,0,[],0.0,True,False,206,0,0,False,206.0,text/html,,Nie
1428910967.597813,FYwVyu12XQxiXF70ph,Co9Oyp3Nksm8aAi2ed,61.160.195.10,4559,192.168.0.2,80,HTTP,0,[],0.0,True,False,207,0,0,False,207.0,text/html,,Nie
1428910969.51714,FsmQJW3VPDuh3hPRCl,Co9Oyp3Nksm8aAi2ed,61.160.195.10,4559,192.168.0.2,80,HTTP,0,[],0.0,True,False,203,0,0,False,203.0,text/html,,Nie
1428910969.990855,FJldsG3glZDmkvlbW7,Co9Oyp3Nksm8aAi2ed,61.160.195.10,4559,192.168.0.2,80,HTTP,0,[],0.0,True,False,208,0,0,False,208.0,text/html,,Nie
1428910970.477636,FGMQH2n2Nbx7BOaa5,Co9Oyp3Nksm8aAi2ed,61.160.195.10,4559,192.168.0.2,80,HTTP,0,[],0.0,True,False,207,0,0,False,207.0,text/html,,Nie
1428910972.397752,FxYeBkKEWUMn2ihO7,Co9Oyp3Nksm8aAi2ed,61.160.195.10,4559,192.168.0.2,80,HTTP,0,[],0.0,True,False,208,0,0,False,208.0,text/html,,Nie
1428910975.917288,FguQKN1XvWeSoK0AIj,Co9Oyp3Nksm8aAi2ed,61.160.195.10,4559,192.168.0.2,80,HTTP,0,[],0.0,True,False,203,0,0,False,203.0,text/html,,Nie
1428910976.557065,FXNMK84NACCsUJ0D78,Co9Oyp3Nksm8aAi2ed,61.160.195.10,4559,192.168.0.2,80,HTTP,0,[],0.0,True,False,207,0,0,False,207.0,text/html,,Nie
1428910977.1978,F26D7k2jbEs3X9s9xh,Co9Oyp3Nksm8aAi2ed,61.160.195.10,4559,192.168.0.2,80,HTTP,0,[],0.0,True,False,207,0,0,False,207.0,text/html,,Nie
1428910977.837539,FDzF8L13rMui3XfQCd,Co9Oyp3Nksm8aAi2ed,61.160.195.10,4559,192.168.0.2,80,HTTP,0,[],0.0,True,False,204,0,0,False,204.0,text/html,,Nie
1428911006.157145,FMCj2D1ddos2tUIdig,CLGrRC1OTA0AHuZBjk,61.160.195.10,3882,192.168.0.2,80,HTTP,0,[],0.0,True,False,207,0,0,False,207.0,text/html,,Nie
1428911032.2372,F2uFsq3UJGnvO7BJR2,Cy2ygk4nKo6FKlo6Of,61.160.195.10,2894,192.168.0.2,80,HTTP,0,[],0.0,True,False,212,0,0,False,212.0,text/html,,Nie
1428911034.156866,FE0uXs38gRqoCdXy5d,Cy2ygk4nKo6FKlo6Of,61.160.195.10,2894,192.168.0.2,80,HTTP,0,[],0.0,True,False,205,0,0,False,205.0,text/html,,Nie
1428911037.67766,FdFISV2aTsUBlgI6A8,Cy2ygk4nKo6FKlo6Of,61.160.195.10,2894,192.168.0.2,80,HTTP,0,[],0.0,True,False,214,0,0,False,214.0,text/html,,Nie
1428911038.157147,FbcTgo7l8g5DJts62,Cy2ygk4nKo6FKlo6Of,61.160.195.10,2894,192.168.0.2,80,HTTP,0,[],0.0,True,False,205,0,0,False,205.0,text/html,,Nie
1428911038.637125,FmReIp10FcSCSw1mX,Cy2ygk4nKo6FKlo6Of,61.160.195.10,2894,192.168.0.2,80,HTTP,0,[],0.0,True,False,206,0,0,False,206.0,text/html,,Nie
1428911071.277622,FwoKfh3f2UCGMpuxFh,CMlRBu4YZPHrKLgZ3i,61.160.195.10,3627,192.168.0.2,80,HTTP,0,[],0.0,True,False,206,0,0,False,206.0,text/html,,Nie
1428911071.917595,FCFmLp15KW39VEaTj1,CMlRBu4YZPHrKLgZ3i,61.160.195.10,3627,192.168.0.2,80,HTTP,0,[],0.0,True,False,206,0,0,False,206.0,text/html,,Nie
1428911072.557252,FGwTFy2nves9Xwu6R3,CMlRBu4YZPHrKLgZ3i,61.160.195.10,3627,192.168.0.2,80,HTTP,0,[],0.0,True,False,206,0,0,False,206.0,text/html,,Nie
1428911073.197151,Ffn5Tf3Vwl8et6wDGa,CMlRBu4YZPHrKLgZ3i,61.160.195.10,3627,192.168.0.2,80,HTTP,0,[],0.0,True,False,206,0,0,False,206.0,text/html,,Nie
1428911075.037706,FDfHpJILxCQqwi6Ih,CMlRBu4YZPHrKLgZ3i,61.160.195.10,3627,192.168.0.2,80,HTTP,0,[],0.0,True,False,211,0,0,False,211.0,text/html,,Nie
1428911078.637645,FqORnP3T3HQFM2GDIa,CMlRBu4YZPHrKLgZ3i,61.160.195.10,3627,192.168.0.2,80,HTTP,0,[],0.0,True,False,207,0,0,False,207.0,text/html,,Nie
1428911081.517713,FbwOXO3L5MxpNRm21k,CMlRBu4YZPHrKLgZ3i,61.160.195.10,3627,192.168.0.2,80,HTTP,0,[],0.0,True,False,208,0,0,False,208.0,text/html,,Nie
1428911085.037038,FcvUDw4zrkhda2TeQ1,CMlRBu4YZPHrKLgZ3i,61.160.195.10,3627,192.168.0.2,80,HTTP,0,[],0.0,True,False,208,0,0,False,208.0,text/html,,Nie
1428911089.331832,FD1QvLJEmGEX5JrQb,CxF28uAnWErM5JzYg,192.168.0.54,52959,198.199.14.136,80,HTTP,0,[],0.006847143173217001,False,False,14114,0,0,False,,,,Nie
1428911111.917153,FTpcCc3jHtz9Xj8JG2,CL1KnooFdb0lBODd,61.160.195.10,2786,192.168.0.2,80,HTTP,0,[],0.0,True,False,205,0,0,False,205.0,text/html,,Nie
1428911112.556981,FN80Pv284X9MejFYrh,CL1KnooFdb0lBODd,61.160.195.10,2786,192.168.0.2,80,HTTP,0,[],0.0,True,False,205,0,0,False,205.0,text/html,,Nie
1428911116.738445,F4dJtjmi5CeuJKaS4,CKE4J61ym4hoxBgHQ,192.168.0.51,37317,93.184.220.29,80,HTTP,0,[],0.0,True,True,83,0,0,False,83.0,application/ocsp-request,,Nie
1428911116.776473,FZupRB4xdGJk9fdco,CKE4J61ym4hoxBgHQ,192.168.0.51,37317,93.184.220.29,80,HTTP,0,['OCSP_REPLY'],0.0,False,False,471,0,0,False,471.0,application/ocsp-response,,Nie
1428911236.475815,Fl6ZFR2XUrCRZrN8W5,CR06694K5L0kNa0fcl,192.168.0.51,37324,93.184.220.29,80,HTTP,0,[],0.0,True,True,83,0,0,False,83.0,application/ocsp-request,,Nie
1428911236.516901,FvpkBm1NIeTzZY5gi,CR06694K5L0kNa0fcl,192.168.0.51,37324,93.184.220.29,80,HTTP,0,['OCSP_REPLY'],0.0,False,False,471,0,0,False,471.0,application/ocsp-response,,Nie
1428911236.522709,Fw4ODk25r63lwnsz6i,CR06694K5L0kNa0fcl,192.168.0.51,37324,93.184.220.29,80,HTTP,0,[],0.0,True,True,83,0,0,False,83.0,application/ocsp-request,,Nie
1428911236.55711,FccVp93v0gJkIWt4Qc,CR06694K5L0kNa0fcl,192.168.0.51,37324,93.184.220.29,80,HTTP,0,['OCSP_REPLY'],0.0,False,False,471,0,0,False,471.0,application/ocsp-response,,Nie
1428911237.481711,FsklCb2Avshj4WarTh,CR06694K5L0kNa0fcl,192.168.0.51,37324,93.184.220.29,80,HTTP,0,[],0.0,True,True,83,0,0,False,83.0,application/ocsp-request,,Nie
1428911237.517764,FwgbzUf7CVCMIgF95,CR06694K5L0kNa0fcl,192.168.0.51,37324,93.184.220.29,80,HTTP,0,['OCSP_REPLY'],0.0,False,False,471,0,0,False,471.0,application/ocsp-response,,Nie
1428911447.137705,FHyQwY2efgnrpCweM6,CdAVo8y1F9MN3KD79,192.168.0.51,37328,93.184.220.29,80,HTTP,0,[],0.0,True,True,83,0,0,False,83.0,application/ocsp-request,,Nie
1428911447.177984,FRUYLS35TaFPe8XYxd,CdAVo8y1F9MN3KD79,192.168.0.51,37328,93.184.220.29,80,HTTP,0,['OCSP_REPLY'],0.0,False,False,471,0,0,False,471.0,application/ocsp-response,,Nie
1428911447.561846,Fbkcdz28RYIs1IQCDc,CdAVo8y1F9MN3KD79,192.168.0.51,37328,93.184.220.29,80,HTTP,0,[],0.0,True,True,83,0,0,False,83.0,application/ocsp-request,,Nie
1428911447.64789,FzrhCk1rW1t8jzikK8,CdAVo8y1F9MN3KD79,192.168.0.51,37328,93.184.220.29,80,HTTP,0,['OCSP_REPLY'],0.0,False,False,471,0,0,False,471.0,application/ocsp-response,,Nie
1428911687.649478,FqbIAo4iA2aOABbwaf,C1NrixQ0KQcH27z,192.168.0.51,37330,93.184.220.29,80,HTTP,0,[],0.0,True,True,83,0,0,False,83.0,application/ocsp-request,,Nie
1428911687.695474,FYgA5G2gUVzloQcKzf,C1NrixQ0KQcH27z,192.168.0.51,37330,93.184.220.29,80,HTTP,0,['OCSP_REPLY'],0.0,False,False,471,0,0,False,471.0,application/ocsp-response,,Nie
1428911689.141269,Fzia001CTVoCZuVQJj,Cf7Klj2sjOtTFiLcxl,192.168.0.51,59641,63.245.217.43,443,SSL,0,['OCSP_REPLY'],0.0,False,False,471,0,0,False,,application/ocsp-response,,Nie
1428912659.756261,FJ2qCq4lTb7VTGICBi,CeuAij1slitxWuj3Ri,192.168.0.51,45480,216.58.209.132,80,HTTP,0,[],0.0,False,False,341,0,0,False,,text/plain,,Nie
1428912659.858369,FOoZS5448aX2MHwfef,CeuAij1slitxWuj3Ri,192.168.0.51,45480,216.58.209.132,80,HTTP,0,[],1.1920928955000001e-05,False,False,2040,0,0,False,2040.0,image/jpeg,,Nie
1428913455.48626,FEz3fH2InSYiQvL7W2,CkaHfW2JP6LrRonlsj,192.168.0.54,53005,198.199.14.15,80,HTTP,0,[],0.19887208938598602,False,False,27150,0,0,False,,,,Nie
1428914400.23402,FeEzMU3rP0aam6EZY4,CA6heZ1ZeywgwVzh46,192.168.0.51,45486,216.58.209.132,80,HTTP,0,[],0.0,False,False,341,0,0,False,,text/plain,,Nie
1428914400.579507,FCnKSn4BRUDjr1ph5k,CA6heZ1ZeywgwVzh46,192.168.0.51,45486,216.58.209.132,80,HTTP,0,[],0.000225782394409,False,False,2820,0,0,False,2820.0,image/jpeg,,Nie
1428914405.695973,FOjb2f1jh6PwzZTJv9,CSjEIx2uSdfpes70pj,192.168.0.54,53033,198.199.14.136,80,HTTP,0,[],0.0,False,False,93,0,0,False,93.0,,,Nie
1428914762.142354,FFqerd1qPXHnU0zSu1,C7LXo03pvlSf1AhxUg,192.168.0.53,3624,201.212.232.226,80,HTTP,0,[],0.0,False,False,151,0,0,False,,text/html,,Nie
1428914809.73766,FNELxV1zCFH4cC0Ta,CfCnoI3jctAepRoDC5,192.168.0.54,53039,198.199.14.136,80,HTTP,0,[],0.005141973495483,False,False,14114,0,0,False,,,,Nie
1428915021.396003,FucfAeHRql20Mf6Q2,C9cQAd2FzF3tnYT3Cj,192.168.0.54,53048,157.56.114.104,80,HTTP,0,[],0.0,False,False,9,0,0,False,9.0,,,Nie
1428916140.958757,F3uBdi4EQCHkSP6ngb,CNxcK5Sb1Icf2bIY9,192.168.0.51,45492,216.58.209.132,80,HTTP,0,[],0.0,False,False,341,0,0,False,,text/plain,,Nie
1428916141.248586,F3uBdi4EQCHkSP6ngb,CNxcK5Sb1Icf2bIY9,192.168.0.51,45492,216.58.209.132,80,HTTP,0,[],0.0,False,False,0,1388,0,True,,,,Nie
1428917236.122655,FfWdZGy4xrqwOFS6g,Cp7UFr5EBwu2Q2p33,192.168.0.54,53098,198.199.14.15,80,HTTP,0,[],0.19235515594482402,False,False,27150,0,0,False,,,,Nie
1428917330.401119,FgFZ6413QLctgLBYab,C6JDsk1ycoaidmUpRa,192.168.0.54,53102,213.155.151.181,80,HTTP,0,[],0.0,False,False,1495,0,0,False,1495.0,application/chrome-ext,,Nie
1428917486.6207,FLE3LRLtCWAiav5Sa,CU53gg43618IWqM5J2,192.168.0.54,53115,68.232.34.200,443,SSL,0,['OCSP_REPLY'],0.0,False,False,1757,0,0,False,,application/ocsp-response,,Nie
1428917486.690764,FcPToY3hEvKz2iSFi,C41Yui4G4A3qujhz7,192.168.0.54,53129,68.232.34.200,443,SSL,0,['OCSP_REPLY'],0.0,False,False,1757,0,0,False,,application/ocsp-response,,Nie
1428917486.759563,FsW159zcPjSKzLOdl,CYCrpCyLGodGHlZjd,192.168.0.54,53133,80.239.217.186,80,HTTP,0,['OCSP_REPLY'],8.106231689000001e-06,False,False,1770,0,0,False,1770.0,application/ocsp-response,,Nie
1428917486.759829,FCMVws2rz2eAPUDzki,CHScuZ1TLvSyCziGsa,192.168.0.54,53134,80.239.217.179,80,HTTP,0,['OCSP_REPLY'],1.0013580322e-05,False,False,1770,0,0,False,1770.0,application/ocsp-response,,Nie
1428917486.765304,FhBqOf3hPw27mgWMJ7,CmA2P81U6VdzHubuZf,192.168.0.54,53119,94.245.117.42,443,SSL,0,['OCSP_REPLY'],0.0,False,False,1501,0,0,False,,application/ocsp-response,,Nie
1428917486.782885,FlXNWY15eTjSyeTv7a,CC3Md8411wDiOUeJca,192.168.0.54,53135,23.43.139.27,80,HTTP,0,['OCSP_REPLY'],0.0016438961029050002,False,False,1363,0,0,False,1363.0,application/ocsp-response,,Nie
1428917486.861996,FEDcUP1IBO18ALlZl5,CZfRCX2wdpCQE6kM9b,192.168.0.54,53136,23.43.139.27,80,HTTP,0,['OCSP_REPLY'],0.001085996627807,False,False,1363,0,0,False,1363.0,application/ocsp-response,,Nie
1428917486.909482,FWIliq3pwqjcd4pPxd,CTBT0k1AwemWOKPlnb,192.168.0.54,53138,23.43.139.27,80,HTTP,0,['OCSP_REPLY'],9.059906005e-06,False,False,1389,0,0,False,1389.0,application/ocsp-response,,Nie
1428917486.909699,FZanReWb3OzWTXGid,Ce32Vo1W6gnkoRuRsh,192.168.0.54,53137,23.43.139.27,80,HTTP,0,['OCSP_REPLY'],1.0013580322e-05,False,False,1363,0,0,False,1363.0,application/ocsp-response,,Nie
1428917486.974441,FCzVzh41J6cuWnUBj9,ClZO0c36XyF0MLVKa5,192.168.0.54,53140,188.121.36.239,80,HTTP,0,['OCSP_REPLY'],1.1920928955000001e-05,False,False,1707,0,0,False,1707.0,application/ocsp-response,,Nie
1428917486.980132,FVaHAm3LtFU86CcYyg,CKXvtZ2dw9KZLNybn1,192.168.0.54,53139,178.255.83.2,80,HTTP,0,[],0.0027039051055900002,False,False,3878,0,0,False,3878.0,,,Nie
1428917487.092166,FVptqD4XowunVWejn,CArRU32y8AhZqykqqd,192.168.0.54,53141,188.121.36.239,80,HTTP,0,['OCSP_REPLY'],8.106231689000001e-06,False,False,1808,0,0,False,1808.0,application/ocsp-response,,Nie
1428917487.157793,F44LaseV5XM1cF1ef,C3JXHo1AI9LEi0fuUj,192.168.0.54,53121,37.252.162.13,80,HTTP,0,[],0.001652956008911,False,False,1476,0,0,False,1476.0,text/plain,,Nie
1428917487.16007,FXr0Wa1x1XHyvNdbsd,CRZF3K1AieMuyXbBvc,192.168.0.54,53142,178.255.83.1,80,HTTP,0,['OCSP_REPLY'],0.0,False,False,472,0,0,False,472.0,application/ocsp-response,,Nie
1428917487.296233,FYBsQspEe9P3VN9e4,CiheyN3nQ4oz4boVgi,192.168.0.54,53114,37.252.163.102,80,HTTP,0,[],0.000231027603149,False,False,3445,0,0,False,3445.0,application/javascript,,Nie
1428917487.443359,FEFgGUG4mKrve2qL7,CbzS2s1hBfZ4mjlKe9,192.168.0.54,53143,69.172.216.56,80,HTTP,0,[],0.11264801025390601,False,False,53332,4200,0,False,57532.0,text/plain,,Nie
1428917487.786321,Fn0Ie91UNyagnkSYhc,Cw34py3NbeFYOuAbkh,192.168.0.54,53146,69.172.216.111,80,HTTP,0,[],0.0,False,False,43,0,0,False,43.0,image/gif,,Nie
1428917487.821175,FQLr241mmuM4BaqHj6,CTXUvxuHVatZgGpa,192.168.0.54,53147,216.58.209.134,80,HTTP,0,[],0.00024199485778800001,False,False,1268,1400,0,False,,text/plain,f.txt,Nie
1428917488.101471,FjxP2D1vnjZchxzme1,C7GvozlOZfSK6Axxj,192.168.0.54,53151,213.155.151.152,80,HTTP,0,['OCSP_REPLY'],0.0,False,False,463,0,0,False,463.0,application/ocsp-response,,Nie
1428917488.103359,F7sIOK1xNIpI62rLA5,CthwkvvxFszBlIh0c,192.168.0.54,53150,213.155.151.154,80,HTTP,0,['OCSP_REPLY'],0.0,False,False,463,0,0,False,463.0,application/ocsp-response,,Nie
1428917488.305764,FrKH411vQuOV4xOW13,CQAeG5IR2g4HMjuaa,192.168.0.54,53152,80.239.254.90,80,HTTP,0,[],0.0016520023345940001,False,False,5586,0,0,False,,text/plain,,Nie
1428917488.394336,Fx2cXn1TXDYa3fJfz3,CTXUvxuHVatZgGpa,192.168.0.54,53147,216.58.209.134,80,HTTP,0,[],0.0,False,False,42,0,0,False,42.0,image/gif,,Nie
1428917488.416164,Foee5L107MYuxvp1o5,C2PhEn1OpMPkvifMz4,192.168.0.54,53116,62.210.86.88,80,HTTP,0,[],0.0,False,False,73,0,0,False,73.0,application/javascript,,Nie
1428917488.478081,FZNYho1kivn7HEfX88,CiheyN3nQ4oz4boVgi,192.168.0.54,53114,37.252.163.102,80,HTTP,0,[],0.0,False,False,43,0,0,False,43.0,image/gif,,Nie
1428917488.518713,FpVh2G3mSyx3VuoTkc,CYCrpCyLGodGHlZjd,192.168.0.54,53133,80.239.217.186,80,HTTP,0,['OCSP_REPLY'],1.0013580322e-05,False,False,1770,0,0,False,1770.0,application/ocsp-response,,Nie
1428917488.518965,FjNQ1A3TkoBu9Dw0r8,CHScuZ1TLvSyCziGsa,192.168.0.54,53134,80.239.217.179,80,HTTP,0,['OCSP_REPLY'],1.0013580322e-05,False,False,1770,0,0,False,1770.0,application/ocsp-response,,Nie
1428917488.58622,Fwst541CAuzocfhQHc,C7GvozlOZfSK6Axxj,192.168.0.54,53151,213.155.151.152,80,HTTP,0,['OCSP_REPLY'],0.0,False,False,463,0,0,False,463.0,application/ocsp-response,,Nie
1428917488.571794,FSD7X34oPMdNP3Ixcd,CvlJtt3Avhv1FKwbgb,192.168.0.54,53157,69.172.216.55,80,HTTP,0,[],0.12189602851867601,False,False,53107,4200,0,False,57307.0,text/plain,,Nie
1428917488.813742,FETCtS3kIjfHaFNvPi,CHbnFD12oG5wt9fZA5,192.168.0.54,53158,69.172.216.55,80,HTTP,0,[],0.0,False,False,43,0,0,False,43.0,image/gif,,Nie
1428917488.818545,FH7ttnWPVsUJIK5eb,CaEo5jORFHOPVFQLi,192.168.0.54,53160,69.172.216.111,80,HTTP,0,[],0.0,False,False,43,0,0,False,43.0,image/gif,,Nie
1428917488.891458,Fo991O1nN1NtwbTr5c,CYCrpCyLGodGHlZjd,192.168.0.54,53133,80.239.217.186,80,HTTP,0,['OCSP_REPLY'],1.0967254638000002e-05,False,False,1770,0,0,False,1770.0,application/ocsp-response,,Nie
1428917488.973685,FNIFbO1tRON9rhNw5j,Cu6pvp3Idgz1QRvcf1,192.168.0.54,53123,195.12.232.177,80,HTTP,0,[],0.0,False,False,1182,0,0,False,,text/plain,,Nie
1428917489.026192,FThpID1UBewx8dXLFb,Cu6pvp3Idgz1QRvcf1,192.168.0.54,53123,195.12.232.177,80,HTTP,0,[],0.026744127273559,False,False,51837,0,0,False,,text/plain,,Nie
1428917489.152242,FsxRY4NHL2kgZo9a6,CuahJYObz33hWcjgf,192.168.0.54,53163,178.255.83.1,80,HTTP,0,['OCSP_REPLY'],0.0,False,False,471,0,0,False,471.0,application/ocsp-response,,Nie
1428917489.320009,FglBAXwZX61Hgkju5,CeerD93kXEelgMEmw9,192.168.0.54,53164,178.255.83.1,80,HTTP,0,['OCSP_REPLY'],0.0,False,False,727,0,0,False,727.0,application/ocsp-response,,Nie
1428917489.493146,FY0S2c2Xa1c4CqJ8Hj,Cg7CVO9dPkYJeRKU2,192.168.0.54,53165,178.255.83.1,80,HTTP,0,['OCSP_REPLY'],0.0,False,False,471,0,0,False,471.0,application/ocsp-response,,Nie
1428917489.881199,FLGbnA2AhSomQ3xc7,CKlBsdJnpfKgKeSha,192.168.0.54,53173,23.235.43.166,443,SSL,0,['OCSP_REPLY'],0.0,False,False,471,0,0,False,,application/ocsp-response,,Nie
1428917489.907878,FPEnPJ1sZou3Jgx3a2,CthwkvvxFszBlIh0c,192.168.0.54,53150,213.155.151.154,80,HTTP,0,['OCSP_REPLY'],0.0,False,False,463,0,0,False,463.0,application/ocsp-response,,Nie
1428917489.969794,FNLeDm1LNJ5njIi8sj,CZfRCX2wdpCQE6kM9b,192.168.0.54,53136,23.43.139.27,80,HTTP,0,['OCSP_REPLY'],9.059906005e-06,False,False,1363,0,0,False,1363.0,application/ocsp-response,,Nie
1428917490.041708,FVIeao32fwDYK2pjs5,CA3D7V76XHcBNLVBh,192.168.0.54,53180,23.43.139.27,80,HTTP,0,['OCSP_REPLY'],0.000222921371459,False,False,1762,0,0,False,1762.0,application/ocsp-response,,Nie
1428917490.041931,FndYnF151osSGfuin2,CtdX9Z3Vza2KzxXMsh,192.168.0.54,53181,93.184.220.29,80,HTTP,0,['OCSP_REPLY'],0.0,False,False,471,0,0,False,471.0,application/ocsp-response,,Nie
1428917490.042364,FiVC9s3kAHvKCrcvo4,CFW4cHTIlTY7p19I7,192.168.0.54,53179,93.184.220.29,80,HTTP,0,['OCSP_REPLY'],0.0,False,False,471,0,0,False,471.0,application/ocsp-response,,Nie
1428917490.042365,FtW2ec2OG8ciUvqbLb,CFk3Gh356QTfckZtA2,192.168.0.54,53178,23.43.139.27,80,HTTP,0,['OCSP_REPLY'],0.0,False,False,1762,0,0,False,1762.0,application/ocsp-response,,Nie
1428917490.079648,F81tslYWNVUf50y1k,CRq3Ky31JYcru9uirf,192.168.0.54,53182,23.43.139.27,80,HTTP,0,['OCSP_REPLY'],0.0017659664154050002,False,False,1347,0,0,False,1347.0,application/ocsp-response,,Nie
1428917490.168182,FCtkuX2An8pXbHLUjd,CPGQ563097jtJE2Chl,192.168.0.54,53183,23.43.139.27,80,HTTP,0,['OCSP_REPLY'],9.059906005e-06,False,False,1609,0,0,False,1609.0,application/ocsp-response,,Nie
1428917490.231761,Fhf4sV2QbgOhMcrQD6,CtdX9Z3Vza2KzxXMsh,192.168.0.54,53181,93.184.220.29,80,HTTP,0,['OCSP_REPLY'],0.0,False,False,471,0,0,False,471.0,application/ocsp-response,,Nie
1428917490.231774,FMLHXiuGMLqDFimu4,CFW4cHTIlTY7p19I7,192.168.0.54,53179,93.184.220.29,80,HTTP,0,['OCSP_REPLY'],0.0,False,False,471,0,0,False,471.0,application/ocsp-response,,Nie
1428917490.232448,FVmCMf3KUJ5TOAhTNj,C5tx3eK7HipJbii69,192.168.0.54,53185,188.121.36.239,80,HTTP,0,['OCSP_REPLY'],0.0,False,False,1708,0,0,False,1708.0,application/ocsp-response,,Nie
1428917490.276726,FJSqaPkPPbycNlM45,CtdX9Z3Vza2KzxXMsh,192.168.0.54,53181,93.184.220.29,80,HTTP,0,['OCSP_REPLY'],0.0,False,False,471,0,0,False,471.0,application/ocsp-response,,Nie
1428917490.299375,F7pzDqzysZZ7U4wm5,CrnVsv1lXG2uHf6eug,192.168.0.54,53186,23.43.139.27,80,HTTP,0,['OCSP_REPLY'],0.0017800331115720002,False,False,1730,0,0,False,1730.0,application/ocsp-response,,Nie
1428917490.359424,FHUV8Z1jf7vN3L0HDg,CYYC3i1AYywsApCYQf,192.168.0.54,53187,188.121.36.239,80,HTTP,0,['OCSP_REPLY'],7.86781311e-06,False,False,1741,0,0,False,1741.0,application/ocsp-response,,Nie
1428917490.510547,FUbxK6B9csWsWYKk6,Cy1gvs2VI6tWrkjtc3,192.168.0.54,53188,188.121.36.239,80,HTTP,0,['OCSP_REPLY'],0.00041508674621500006,False,False,1786,0,0,False,1786.0,application/ocsp-response,,Nie
1428917490.971535,FeBRVO3P4thqed7mH3,CFW4cHTIlTY7p19I7,192.168.0.54,53179,93.184.220.29,80,HTTP,0,['OCSP_REPLY'],0.0,False,False,471,0,0,False,471.0,application/ocsp-response,,Nie
